Metric,Value
Beta,1.6989503985715897
Alpha (Annual),0.27999599688482757
R-Squared,0.44272822029020964
Tracking Error,0.35706987618204766
Information Ratio,0.7841490295363787
