Component,Variance,Percentage
Total,0.0009085361629117176,1.0
Systematic,0.0004022345984752007,0.4427282202902097
Idiosyncratic,0.0005059480018915193,0.5568826234390433
